epoch,step,train_f1_epoch,train_f1_step,train_loss_epoch,train_loss_step,val_f1,val_loss
0,7,,,,,0.08473663032054901,1.610112190246582
0,7,0.20046386122703552,,1.6275194883346558,,,
1,15,,,,,0.08996516466140747,1.6100348234176636
1,15,0.18455812335014343,,1.6351869106292725,,,
2,23,,,,,0.14296215772628784,1.6089413166046143
2,23,0.18241335451602936,,1.631591796875,,,
3,31,,,,,0.16649119555950165,1.6076117753982544
3,31,0.18123559653759003,,1.6304333209991455,,,
4,39,,,,,0.1816665530204773,1.6073960065841675
4,39,0.18760526180267334,,1.6248124837875366,,,
5,47,,,,,0.20166093111038208,1.6076699495315552
5,47,0.19679147005081177,,1.6189844608306885,,,
6,49,,0.1635100394487381,,1.6233317852020264,,
6,55,,,,,0.19181716442108154,1.6075905561447144
6,55,0.1798909455537796,,1.6266472339630127,,,
7,63,,,,,0.19545114040374756,1.6073145866394043
7,63,0.2037741243839264,,1.6149423122406006,,,
8,71,,,,,0.19734406471252441,1.6074360609054565
8,71,0.1844981610774994,,1.622319221496582,,,
9,79,,,,,0.19465941190719604,1.6072659492492676
9,79,0.20015612244606018,,1.6185402870178223,,,
10,87,,,,,0.19000408053398132,1.6074572801589966
10,87,0.22070243954658508,,1.6125261783599854,,,
11,95,,,,,0.18340753018856049,1.6070764064788818
11,95,0.2122778743505478,,1.6179901361465454,,,
12,99,,0.18106800317764282,,1.6296297311782837,,
12,103,,,,,0.1810046136379242,1.607084035873413
12,103,0.20700351893901825,,1.619309425354004,,,
13,111,,,,,0.17808157205581665,1.6070226430892944
13,111,0.20786023139953613,,1.6125248670578003,,,
14,119,,,,,0.1888025552034378,1.60677170753479
14,119,0.20720885694026947,,1.6125823259353638,,,
15,127,,,,,0.18115097284317017,1.6064709424972534
15,127,0.19822944700717926,,1.6085256338119507,,,
16,135,,,,,0.1875331699848175,1.606192708015442
16,135,0.2027214765548706,,1.610715389251709,,,
17,143,,,,,0.1836959272623062,1.6056056022644043
17,143,0.193571999669075,,1.6104005575180054,,,
18,149,,0.2211933732032776,,1.6166949272155762,,
18,151,,,,,0.17984740436077118,1.6049551963806152
18,151,0.22360911965370178,,1.6147412061691284,,,
19,159,,,,,0.17478027939796448,1.6046184301376343
19,159,0.21444691717624664,,1.609203815460205,,,
20,167,,,,,0.1680614948272705,1.603789210319519
20,167,0.21687565743923187,,1.606570839881897,,,
21,175,,,,,0.16261248290538788,1.6033284664154053
21,175,0.21078333258628845,,1.6099594831466675,,,
22,183,,,,,0.16021886467933655,1.6025373935699463
22,183,0.1973421424627304,,1.6072843074798584,,,
23,191,,,,,0.1635110229253769,1.6015294790267944
23,191,0.19465382397174835,,1.6091915369033813,,,
24,199,,0.2170763909816742,,1.6023346185684204,,
24,199,,,,,0.16011852025985718,1.6011450290679932
24,199,0.20252831280231476,,1.612135410308838,,,
25,207,,,,,0.1583201140165329,1.6011706590652466
25,207,0.21236777305603027,,1.6098506450653076,,,
26,215,,,,,0.16142532229423523,1.600653052330017
26,215,0.1940971463918686,,1.6083428859710693,,,
27,223,,,,,0.16013440489768982,1.6006507873535156
27,223,0.21349146962165833,,1.6079624891281128,,,
28,231,,,,,0.1608819216489792,1.5997729301452637
28,231,0.2098592072725296,,1.601806640625,,,
29,239,,,,,0.16370061039924622,1.5990710258483887
29,239,0.21447400748729706,,1.603482723236084,,,
30,247,,,,,0.16218437254428864,1.5986638069152832
30,247,0.19736641645431519,,1.6073352098464966,,,
31,249,,0.2444017082452774,,1.5970988273620605,,
31,255,,,,,0.1654691845178604,1.5982125997543335
31,255,0.20752131938934326,,1.60392427444458,,,
32,263,,,,,0.16788612306118011,1.597647786140442
32,263,0.2160363644361496,,1.602850079536438,,,
33,271,,,,,0.17106741666793823,1.5971225500106812
33,271,0.21371795237064362,,1.6066782474517822,,,
34,279,,,,,0.1739225536584854,1.5964850187301636
34,279,0.20721487700939178,,1.6089599132537842,,,
35,287,,,,,0.1705259382724762,1.5955759286880493
35,287,0.19888417422771454,,1.6045502424240112,,,
36,295,,,,,0.172096848487854,1.5952355861663818
36,295,0.2110954374074936,,1.6037070751190186,,,
37,299,,0.2108955979347229,,1.596220850944519,,
37,303,,,,,0.17203590273857117,1.5944913625717163
37,303,0.22840604186058044,,1.602028727531433,,,
38,311,,,,,0.17659616470336914,1.5942028760910034
38,311,0.22458522021770477,,1.5992597341537476,,,
39,319,,,,,0.17565642297267914,1.5933364629745483
39,319,0.22473497688770294,,1.5972565412521362,,,
40,327,,,,,0.17820075154304504,1.593026876449585
40,327,0.20585836470127106,,1.6024127006530762,,,
41,335,,,,,0.18965083360671997,1.592187523841858
41,335,0.22267240285873413,,1.5924071073532104,,,
42,343,,,,,0.1911390721797943,1.5914225578308105
42,343,0.22205357253551483,,1.594311237335205,,,
43,349,,0.18699224293231964,,1.6307486295700073,,
43,351,,,,,0.19243671000003815,1.5904934406280518
43,351,0.22028282284736633,,1.6039354801177979,,,
44,359,,,,,0.1959325671195984,1.589740514755249
44,359,0.23322606086730957,,1.595229983329773,,,
45,367,,,,,0.19782133400440216,1.5886211395263672
45,367,0.21163628995418549,,1.5961792469024658,,,
46,375,,,,,0.19631078839302063,1.5877783298492432
46,375,0.22200827300548553,,1.5990022420883179,,,
47,383,,,,,0.19910794496536255,1.5866755247116089
47,383,0.22773544490337372,,1.5935825109481812,,,
48,391,,,,,0.19517703354358673,1.585758924484253
48,391,0.1910797357559204,,1.601136565208435,,,
49,399,,0.23705220222473145,,1.5974103212356567,,
49,399,,,,,0.2001693844795227,1.5845669507980347
49,399,0.2385939657688141,,1.593462347984314,,,
50,407,,,,,0.20581993460655212,1.5832082033157349
50,407,0.23230618238449097,,1.5870873928070068,,,
51,415,,,,,0.19922034442424774,1.5818548202514648
51,415,0.22259026765823364,,1.5887442827224731,,,
52,423,,,,,0.2045377790927887,1.5809013843536377
52,423,0.22778239846229553,,1.5955215692520142,,,
53,431,,,,,0.20511376857757568,1.5793540477752686
53,431,0.23815792798995972,,1.5801087617874146,,,
54,439,,,,,0.20535697042942047,1.5781077146530151
54,439,0.21279028058052063,,1.5928281545639038,,,
55,447,,,,,0.21028809249401093,1.577135682106018
55,447,0.2342192679643631,,1.5801136493682861,,,
56,449,,0.24571746587753296,,1.5688557624816895,,
56,455,,,,,0.21037404239177704,1.575524091720581
56,455,0.23640063405036926,,1.5776491165161133,,,
57,463,,,,,0.212899848818779,1.5734844207763672
57,463,0.24995900690555573,,1.5732425451278687,,,
58,471,,,,,0.2156507819890976,1.571832299232483
58,471,0.2426127940416336,,1.5800518989562988,,,
59,479,,,,,0.2148091197013855,1.5697896480560303
59,479,0.21634629368782043,,1.5720124244689941,,,
60,487,,,,,0.2148987054824829,1.5681232213974
60,487,0.23621949553489685,,1.5799980163574219,,,
61,495,,,,,0.21880902349948883,1.5662624835968018
61,495,0.2455597072839737,,1.5695821046829224,,,
62,499,,0.2555464506149292,,1.5502699613571167,,
62,503,,,,,0.2191597819328308,1.5650465488433838
62,503,0.23312047123908997,,1.5741913318634033,,,
63,511,,,,,0.22089451551437378,1.5640608072280884
63,511,0.2346678525209427,,1.571658968925476,,,
64,519,,,,,0.22461281716823578,1.5626060962677002
64,519,0.24177809059619904,,1.5751370191574097,,,
65,527,,,,,0.22225609421730042,1.560744047164917
65,527,0.24562813341617584,,1.5651700496673584,,,
66,535,,,,,0.2213091254234314,1.5591121912002563
66,535,0.23366142809391022,,1.5704911947250366,,,
67,543,,,,,0.2224428951740265,1.5573407411575317
67,543,0.2229163646697998,,1.5702306032180786,,,
68,549,,0.22379688918590546,,1.5515156984329224,,
68,551,,,,,0.22761763632297516,1.5553103685379028
68,551,0.24865947663784027,,1.5558732748031616,,,
69,559,,,,,0.229495108127594,1.5525999069213867
69,559,0.2558574080467224,,1.5494866371154785,,,
70,567,,,,,0.2308717966079712,1.5510367155075073
70,567,0.24492211639881134,,1.5635265111923218,,,
71,575,,,,,0.23361718654632568,1.5496913194656372
71,575,0.2578328847885132,,1.5501676797866821,,,
72,583,,,,,0.22980764508247375,1.5485024452209473
72,583,0.24587519466876984,,1.554648518562317,,,
73,591,,,,,0.23481027781963348,1.5471360683441162
73,591,0.23485620319843292,,1.5431978702545166,,,
74,599,,0.25549066066741943,,1.5483825206756592,,
74,599,,,,,0.23572790622711182,1.5460381507873535
74,599,0.24502255022525787,,1.5385600328445435,,,
75,607,,,,,0.23535531759262085,1.5445164442062378
75,607,0.24561354517936707,,1.5525089502334595,,,
76,615,,,,,0.23593908548355103,1.5433262586593628
76,615,0.24684904515743256,,1.5468051433563232,,,
77,623,,,,,0.2359623908996582,1.5418851375579834
77,623,0.25487029552459717,,1.5402776002883911,,,
78,631,,,,,0.23494432866573334,1.5408813953399658
78,631,0.25917768478393555,,1.5382040739059448,,,
79,639,,,,,0.23387689888477325,1.539705514907837
79,639,0.2433737814426422,,1.5559251308441162,,,
80,647,,,,,0.23897646367549896,1.5383981466293335
80,647,0.25461921095848083,,1.5352438688278198,,,
81,649,,0.25403621792793274,,1.5232385396957397,,
81,655,,,,,0.23793041706085205,1.536777377128601
81,655,0.25629863142967224,,1.5325220823287964,,,
82,663,,,,,0.2422873079776764,1.5350953340530396
82,663,0.25711968541145325,,1.5301425457000732,,,
83,671,,,,,0.24243731796741486,1.534292459487915
83,671,0.259941965341568,,1.519225001335144,,,
84,679,,,,,0.24437761306762695,1.5335801839828491
84,679,0.25799646973609924,,1.5265947580337524,,,
85,687,,,,,0.2425919473171234,1.5328786373138428
85,687,0.2739707827568054,,1.516511082649231,,,
86,695,,,,,0.2420961856842041,1.532386302947998
86,695,0.26279377937316895,,1.5160627365112305,,,
87,699,,0.25799158215522766,,1.4936494827270508,,
87,703,,,,,0.24756178259849548,1.5305911302566528
87,703,0.2531444728374481,,1.5094705820083618,,,
88,711,,,,,0.24688799679279327,1.5292826890945435
88,711,0.28105586767196655,,1.4946951866149902,,,
89,719,,,,,0.24769140779972076,1.5278774499893188
89,719,0.27452874183654785,,1.5026756525039673,,,
90,727,,,,,0.24640244245529175,1.5264031887054443
90,727,0.2884185314178467,,1.4932215213775635,,,
91,735,,,,,0.2476806491613388,1.5253088474273682
91,735,0.2822442054748535,,1.5011364221572876,,,
92,743,,,,,0.24582470953464508,1.5241373777389526
92,743,0.2796376645565033,,1.4844028949737549,,,
93,749,,0.30054500699043274,,1.49138605594635,,
93,751,,,,,0.2458679974079132,1.523248314857483
93,751,0.27828681468963623,,1.5093692541122437,,,
94,759,,,,,0.24335430562496185,1.5238056182861328
94,759,0.2847807705402374,,1.5034456253051758,,,
95,767,,,,,0.24154986441135406,1.5234339237213135
95,767,0.2787122130393982,,1.4987882375717163,,,
96,775,,,,,0.2446933090686798,1.5211105346679688
96,775,0.2685092091560364,,1.4993438720703125,,,
97,783,,,,,0.24195538461208344,1.5206271409988403
97,783,0.2953166961669922,,1.4779609441757202,,,
98,791,,,,,0.24398092925548553,1.5185644626617432
98,791,0.29058581590652466,,1.4850624799728394,,,
99,799,,0.2562989592552185,,1.5236258506774902,,
99,799,,,,,0.2440478801727295,1.5178039073944092
99,799,0.29119035601615906,,1.485649824142456,,,
100,807,,,,,0.24147838354110718,1.5173441171646118
100,807,0.2805471122264862,,1.4831373691558838,,,
101,815,,,,,0.24514108896255493,1.5169060230255127
101,815,0.2988344430923462,,1.4702019691467285,,,
102,823,,,,,0.24598313868045807,1.5165395736694336
102,823,0.30271318554878235,,1.4802967309951782,,,
103,831,,,,,0.2431824803352356,1.5150631666183472
103,831,0.30458277463912964,,1.469269037246704,,,
104,839,,,,,0.242062509059906,1.5141276121139526
104,839,0.3043792247772217,,1.4708709716796875,,,
105,847,,,,,0.2435498982667923,1.5132296085357666
105,847,0.29197290539741516,,1.4690158367156982,,,
106,849,,0.33772069215774536,,1.3744174242019653,,
106,855,,,,,0.24002330005168915,1.5124762058258057
106,855,0.311431348323822,,1.4681529998779297,,,
107,863,,,,,0.2429008185863495,1.5096367597579956
107,863,0.29529696702957153,,1.4688234329223633,,,
108,871,,,,,0.24148529767990112,1.5083832740783691
108,871,0.3071058392524719,,1.4604220390319824,,,
109,879,,,,,0.2414160519838333,1.508391261100769
109,879,0.3042864501476288,,1.4642205238342285,,,
110,887,,,,,0.23627842962741852,1.508046269416809
110,887,0.32498830556869507,,1.4550070762634277,,,
111,895,,,,,0.23835641145706177,1.5067704916000366
111,895,0.32487112283706665,,1.4457894563674927,,,
112,899,,0.316289484500885,,1.4294744729995728,,
112,903,,,,,0.24137720465660095,1.5061091184616089
112,903,0.31269967555999756,,1.4549224376678467,,,
113,911,,,,,0.24607472121715546,1.5053743124008179
113,911,0.3217267096042633,,1.4538370370864868,,,
114,919,,,,,0.2433425784111023,1.504328966140747
114,919,0.3323155343532562,,1.4414217472076416,,,
115,927,,,,,0.24093076586723328,1.5038414001464844
115,927,0.3291481137275696,,1.448123812675476,,,
116,935,,,,,0.2411639243364334,1.5019943714141846
116,935,0.33244526386260986,,1.4387377500534058,,,
117,943,,,,,0.2453736513853073,1.5025798082351685
117,943,0.3214375674724579,,1.435947060585022,,,
118,949,,0.4159946143627167,,1.3504964113235474,,
118,951,,,,,0.24609097838401794,1.5008877515792847
118,951,0.34831199049949646,,1.4242922067642212,,,
119,959,,,,,0.24717117846012115,1.500403642654419
119,959,0.3406703472137451,,1.4293349981307983,,,
120,967,,,,,0.2525731325149536,1.4987112283706665
120,967,0.3300792872905731,,1.43254554271698,,,
121,975,,,,,0.24992530047893524,1.4977823495864868
121,975,0.312368243932724,,1.4449905157089233,,,
122,983,,,,,0.2482413947582245,1.4972128868103027
122,983,0.3312067687511444,,1.425339937210083,,,
123,991,,,,,0.2556309103965759,1.4968088865280151
123,991,0.3373185694217682,,1.4279093742370605,,,
124,999,,0.39131873846054077,,1.3104747533798218,,
124,999,,,,,0.25399887561798096,1.4951002597808838
124,999,0.34344780445098877,,1.4087542295455933,,,
125,1007,,,,,0.2560555040836334,1.4943795204162598
125,1007,0.3640943467617035,,1.4011986255645752,,,
126,1015,,,,,0.26743000745773315,1.4953079223632812
126,1015,0.36917242407798767,,1.3910189867019653,,,
127,1023,,,,,0.26771578192710876,1.493084192276001
127,1023,0.3558881878852844,,1.402034878730774,,,
128,1031,,,,,0.2622978687286377,1.4932540655136108
128,1031,0.3427009880542755,,1.4142587184906006,,,
129,1039,,,,,0.26555272936820984,1.4915691614151
129,1039,0.3685658574104309,,1.3930144309997559,,,
130,1047,,,,,0.26568537950515747,1.4911831617355347
130,1047,0.3592770993709564,,1.3948512077331543,,,
131,1049,,0.4126426577568054,,1.3238160610198975,,
131,1055,,,,,0.26783379912376404,1.4892644882202148
131,1055,0.37127646803855896,,1.3928583860397339,,,
132,1063,,,,,0.26686766743659973,1.4892793893814087
132,1063,0.3719950318336487,,1.3885735273361206,,,
133,1071,,,,,0.26795494556427,1.4869686365127563
133,1071,0.37887468934059143,,1.3982714414596558,,,
134,1079,,,,,0.27500206232070923,1.4876328706741333
134,1079,0.40583816170692444,,1.3750898838043213,,,
135,1087,,,,,0.2737409472465515,1.4891626834869385
135,1087,0.36662837862968445,,1.3880884647369385,,,
136,1095,,,,,0.2758515477180481,1.4902212619781494
136,1095,0.37402084469795227,,1.3682242631912231,,,
137,1099,,0.3861843943595886,,1.39321768283844,,
137,1103,,,,,0.2779287099838257,1.4912099838256836
137,1103,0.38282981514930725,,1.3871523141860962,,,
138,1111,,,,,0.2728869616985321,1.4917317628860474
138,1111,0.3719716966152191,,1.3816436529159546,,,
139,1119,,,,,0.2790253758430481,1.4898395538330078
139,1119,0.3796454966068268,,1.3749070167541504,,,
140,1127,,,,,0.28907519578933716,1.488228678703308
140,1127,0.3859277367591858,,1.3504215478897095,,,
141,1135,,,,,0.28607574105262756,1.4915937185287476
141,1135,0.3827190399169922,,1.3606282472610474,,,
142,1143,,,,,0.2833327054977417,1.4914100170135498
142,1143,0.4102018475532532,,1.3488261699676514,,,
143,1149,,0.31581544876098633,,1.4148023128509521,,
143,1151,,,,,0.2903467118740082,1.4919323921203613
143,1151,0.40560904145240784,,1.3532718420028687,,,
144,1159,,,,,0.29297029972076416,1.4910496473312378
144,1159,0.4084782302379608,,1.3616129159927368,,,
145,1167,,,,,0.2908303737640381,1.4897621870040894
145,1167,0.40883347392082214,,1.3468204736709595,,,
146,1175,,,,,0.2971228361129761,1.4913634061813354
146,1175,0.39797428250312805,,1.349724292755127,,,
147,1183,,,,,0.29801663756370544,1.4913263320922852
147,1183,0.3926842510700226,,1.3452544212341309,,,
148,1191,,,,,0.2962348163127899,1.4907978773117065
148,1191,0.4010585844516754,,1.325644850730896,,,
149,1199,,0.47959622740745544,,1.273759126663208,,
149,1199,,,,,0.29534170031547546,1.4940322637557983
149,1199,0.4246505796909332,,1.3386808633804321,,,
150,1207,,,,,0.3009825348854065,1.4913959503173828
150,1207,0.40209195017814636,,1.338339924812317,,,
151,1215,,,,,0.29514792561531067,1.4933589696884155
151,1215,0.41213130950927734,,1.3245457410812378,,,
152,1223,,,,,0.29772287607192993,1.4920228719711304
152,1223,0.42494112253189087,,1.3219821453094482,,,
153,1231,,,,,0.3007395565509796,1.49514901638031
153,1231,0.4017876386642456,,1.330005168914795,,,
154,1239,,,,,0.3057496249675751,1.4993966817855835
154,1239,0.4256736636161804,,1.314594030380249,,,
155,1247,,,,,0.310746967792511,1.4985270500183105
155,1247,0.43833908438682556,,1.3000798225402832,,,
156,1249,,0.4147438406944275,,1.352782964706421,,
156,1255,,,,,0.312439501285553,1.4996140003204346
156,1255,0.4018457233905792,,1.3077728748321533,,,
157,1263,,,,,0.30935096740722656,1.5029674768447876
157,1263,0.4205276668071747,,1.3127068281173706,,,
158,1271,,,,,0.3130420446395874,1.5034946203231812
158,1271,0.4399873912334442,,1.297340750694275,,,
159,1279,,,,,0.31311488151550293,1.5053983926773071
159,1279,0.4353928864002228,,1.3161863088607788,,,
160,1287,,,,,0.3127825856208801,1.5042133331298828
160,1287,0.46410417556762695,,1.282751441001892,,,
161,1295,,,,,0.3124483525753021,1.5047863721847534
161,1295,0.43960216641426086,,1.2932482957839966,,,
162,1299,,0.3723093569278717,,1.407918095588684,,
162,1303,,,,,0.31348586082458496,1.5085066556930542
162,1303,0.42187008261680603,,1.3143702745437622,,,
163,1311,,,,,0.31426283717155457,1.5087039470672607
163,1311,0.44850844144821167,,1.282973289489746,,,
164,1319,,,,,0.31810712814331055,1.5103216171264648
164,1319,0.4312678575515747,,1.2905185222625732,,,
165,1327,,,,,0.31856369972229004,1.5111883878707886
165,1327,0.4463847577571869,,1.284539818763733,,,
166,1335,,,,,0.3192651867866516,1.513567566871643
166,1335,0.45560988783836365,,1.2866166830062866,,,
167,1343,,,,,0.3236038386821747,1.5222817659378052
167,1343,0.44631731510162354,,1.274495244026184,,,
168,1349,,0.4764406383037567,,1.2441741228103638,,
168,1351,,,,,0.32063212990760803,1.523429036140442
168,1351,0.4478442370891571,,1.275152564048767,,,
169,1359,,,,,0.3249094784259796,1.5258231163024902
169,1359,0.46235933899879456,,1.2550243139266968,,,
170,1367,,,,,0.3251860737800598,1.5199300050735474
170,1367,0.46251344680786133,,1.2547497749328613,,,
171,1375,,,,,0.32432541251182556,1.5194119215011597
171,1375,0.4723298251628876,,1.2448886632919312,,,
172,1383,,,,,0.32891055941581726,1.5160105228424072
172,1383,0.452183336019516,,1.2717643976211548,,,
173,1391,,,,,0.3315058946609497,1.518681526184082
173,1391,0.47519123554229736,,1.2370318174362183,,,
174,1399,,0.5038219094276428,,1.2057551145553589,,
174,1399,,,,,0.3305901288986206,1.5217992067337036
174,1399,0.44582226872444153,,1.2479068040847778,,,
175,1407,,,,,0.33008164167404175,1.5251250267028809
175,1407,0.4733150601387024,,1.2549262046813965,,,
176,1415,,,,,0.3231530785560608,1.5274335145950317
176,1415,0.4735162556171417,,1.2350773811340332,,,
177,1423,,,,,0.32806551456451416,1.530729055404663
177,1423,0.48467501997947693,,1.2230333089828491,,,
178,1431,,,,,0.3287731409072876,1.5352575778961182
178,1431,0.4744170010089874,,1.2238755226135254,,,
179,1439,,,,,0.3261708617210388,1.5364259481430054
179,1439,0.47773998975753784,,1.2451913356781006,,,
180,1447,,,,,0.3289928436279297,1.5441986322402954
180,1447,0.4927554428577423,,1.200390100479126,,,
181,1449,,0.40422236919403076,,1.2876875400543213,,
181,1455,,,,,0.32599523663520813,1.5463711023330688
181,1455,0.4853036403656006,,1.2075064182281494,,,
182,1463,,,,,0.3315165340900421,1.543398141860962
182,1463,0.483014315366745,,1.2084804773330688,,,
183,1471,,,,,0.33163291215896606,1.5500612258911133
183,1471,0.487007200717926,,1.1919631958007812,,,
184,1479,,,,,0.3243212401866913,1.5602219104766846
184,1479,0.5108237862586975,,1.195680856704712,,,
185,1487,,,,,0.32217317819595337,1.560409426689148
185,1487,0.502086341381073,,1.2004199028015137,,,
186,1495,,,,,0.3305260241031647,1.5600062608718872
186,1495,0.48215314745903015,,1.1937339305877686,,,
187,1499,,0.4386292099952698,,1.2415239810943604,,
187,1503,,,,,0.32600992918014526,1.5633573532104492
187,1503,0.4917655885219574,,1.1945836544036865,,,
188,1511,,,,,0.32392600178718567,1.5668672323226929
188,1511,0.4908616542816162,,1.214564561843872,,,
189,1519,,,,,0.3199407458305359,1.5716215372085571
189,1519,0.5094865560531616,,1.1909149885177612,,,
190,1527,,,,,0.31730949878692627,1.5747880935668945
190,1527,0.5146251916885376,,1.1735146045684814,,,
191,1535,,,,,0.32094913721084595,1.5756834745407104
191,1535,0.4936595559120178,,1.1884911060333252,,,
192,1543,,,,,0.3227803409099579,1.573250651359558
192,1543,0.5124304294586182,,1.1637320518493652,,,
193,1549,,0.480617880821228,,1.1418447494506836,,
193,1551,,,,,0.32332643866539,1.5798879861831665
193,1551,0.4919811487197876,,1.1507784128189087,,,
194,1559,,,,,0.327453076839447,1.579367756843567
194,1559,0.509939968585968,,1.175177812576294,,,
195,1567,,,,,0.3258397579193115,1.5891032218933105
195,1567,0.5048367977142334,,1.1573861837387085,,,
196,1575,,,,,0.3262971043586731,1.5939608812332153
196,1575,0.5067337155342102,,1.1671596765518188,,,
197,1583,,,,,0.3193357586860657,1.5979043245315552
197,1583,0.49234408140182495,,1.1906501054763794,,,
198,1591,,,,,0.3224593997001648,1.6031982898712158
198,1591,0.5136973857879639,,1.1382874250411987,,,
199,1599,,0.49566033482551575,,1.1880466938018799,,
199,1599,,,,,0.3245720863342285,1.6012630462646484
199,1599,0.5239621996879578,,1.154826045036316,,,
200,1607,,,,,0.3247400224208832,1.6035137176513672
200,1607,0.5084540247917175,,1.1685874462127686,,,
201,1615,,,,,0.32269418239593506,1.6115244626998901
201,1615,0.5124981999397278,,1.151597499847412,,,
202,1623,,,,,0.3237468898296356,1.6105411052703857
202,1623,0.5361602306365967,,1.1549116373062134,,,
203,1631,,,,,0.3215804398059845,1.6094785928726196
203,1631,0.5182092785835266,,1.1381586790084839,,,
204,1639,,,,,0.3196324110031128,1.6234064102172852
204,1639,0.5206668376922607,,1.1377989053726196,,,
205,1647,,,,,0.32629549503326416,1.628625512123108
205,1647,0.5360697507858276,,1.1236944198608398,,,
206,1649,,0.5218973159790039,,1.0799407958984375,,
206,1655,,,,,0.31932762265205383,1.6384141445159912
206,1655,0.5258201360702515,,1.1344921588897705,,,
207,1663,,,,,0.32165631651878357,1.641492247581482
207,1663,0.5352604985237122,,1.1216108798980713,,,
208,1671,,,,,0.32742029428482056,1.6333410739898682
208,1671,0.5437149405479431,,1.11349618434906,,,
209,1679,,,,,0.3327251672744751,1.6278916597366333
209,1679,0.5222992300987244,,1.15273118019104,,,
210,1687,,,,,0.328204870223999,1.6335222721099854
210,1687,0.5283195376396179,,1.1203503608703613,,,
211,1695,,,,,0.3192123472690582,1.6387344598770142
211,1695,0.5158711671829224,,1.1314551830291748,,,
212,1699,,0.5736317038536072,,1.016585111618042,,
212,1703,,,,,0.32031935453414917,1.6478239297866821
212,1703,0.5400558710098267,,1.1177289485931396,,,
213,1711,,,,,0.3228582441806793,1.6520845890045166
213,1711,0.5496307015419006,,1.0824185609817505,,,
214,1719,,,,,0.32566210627555847,1.6618821620941162
214,1719,0.539103090763092,,1.121201992034912,,,
215,1727,,,,,0.3225741982460022,1.6719810962677002
215,1727,0.5445533990859985,,1.0990773439407349,,,
216,1735,,,,,0.32331496477127075,1.6781073808670044
216,1735,0.544787585735321,,1.1013672351837158,,,
217,1743,,,,,0.32433173060417175,1.678624153137207
217,1743,0.5577498078346252,,1.0843409299850464,,,
218,1749,,0.5425951480865479,,1.1013388633728027,,
218,1751,,,,,0.32003054022789,1.6816695928573608
218,1751,0.5452207326889038,,1.0963644981384277,,,
219,1759,,,,,0.32437562942504883,1.6824743747711182
219,1759,0.5389207005500793,,1.0754427909851074,,,
220,1767,,,,,0.3226378560066223,1.6902931928634644
220,1767,0.5534564256668091,,1.0813509225845337,,,
221,1775,,,,,0.3250417113304138,1.6827276945114136
221,1775,0.5340977311134338,,1.0825802087783813,,,
222,1783,,,,,0.32404932379722595,1.68204665184021
222,1783,0.548005998134613,,1.0808861255645752,,,
223,1791,,,,,0.3193223476409912,1.700465202331543
223,1791,0.5654917359352112,,1.0373753309249878,,,
224,1799,,0.5672966241836548,,1.0944262742996216,,
224,1799,,,,,0.32034438848495483,1.696615219116211
224,1799,0.5659887194633484,,1.059056282043457,,,
225,1807,,,,,0.32084089517593384,1.7125210762023926
225,1807,0.5620133280754089,,1.0498498678207397,,,
226,1815,,,,,0.31348949670791626,1.7052443027496338
226,1815,0.5709508657455444,,1.048543095588684,,,
227,1823,,,,,0.31388893723487854,1.7131459712982178
227,1823,0.5577260255813599,,1.0404857397079468,,,
228,1831,,,,,0.3127673268318176,1.722128987312317
228,1831,0.5730080008506775,,1.0329558849334717,,,
229,1839,,,,,0.3197938799858093,1.7223615646362305
229,1839,0.5635618567466736,,1.033618450164795,,,
230,1847,,,,,0.31960558891296387,1.731439232826233
230,1847,0.5867050886154175,,1.00995934009552,,,
231,1849,,0.5615953803062439,,1.034651517868042,,
231,1855,,,,,0.3170669972896576,1.730933666229248
231,1855,0.6003766655921936,,1.0156608819961548,,,
232,1863,,,,,0.32309406995773315,1.737023115158081
232,1863,0.5889140367507935,,1.0240356922149658,,,
233,1871,,,,,0.3252793550491333,1.7472045421600342
233,1871,0.5918830633163452,,1.0088037252426147,,,
234,1879,,,,,0.3319753408432007,1.7494864463806152
234,1879,0.5948413610458374,,1.0054194927215576,,,
235,1887,,,,,0.32972460985183716,1.7643320560455322
235,1887,0.588813841342926,,0.9949672222137451,,,
236,1895,,,,,0.32485416531562805,1.7585283517837524
236,1895,0.5868709683418274,,0.9980542063713074,,,
237,1899,,0.5382301807403564,,1.0262376070022583,,
237,1903,,,,,0.3225507140159607,1.7579329013824463
237,1903,0.5857632756233215,,0.9959341883659363,,,
238,1911,,,,,0.32439088821411133,1.780052900314331
238,1911,0.5859296321868896,,0.9878644347190857,,,
239,1919,,,,,0.32490015029907227,1.7995492219924927
239,1919,0.6029722690582275,,0.9721919894218445,,,
240,1927,,,,,0.3321489095687866,1.7995809316635132
240,1927,0.5937947034835815,,0.9856433868408203,,,
241,1935,,,,,0.3310145139694214,1.8006271123886108
241,1935,0.6284666657447815,,0.9521194100379944,,,
242,1943,,,,,0.33511883020401,1.798288106918335
242,1943,0.5852221250534058,,0.9821298718452454,,,
243,1949,,0.6021662354469299,,0.9979716539382935,,
243,1951,,,,,0.33553367853164673,1.8029210567474365
243,1951,0.6135299205780029,,0.9634278416633606,,,
244,1959,,,,,0.32867592573165894,1.8182915449142456
244,1959,0.6117987632751465,,0.9578828811645508,,,
245,1967,,,,,0.3381706476211548,1.8201096057891846
245,1967,0.6316518783569336,,0.9493464231491089,,,
246,1975,,,,,0.3313063979148865,1.827246904373169
246,1975,0.6066771149635315,,0.9492093920707703,,,
247,1983,,,,,0.3274194002151489,1.8389477729797363
247,1983,0.6187708973884583,,0.9219298362731934,,,
248,1991,,,,,0.3257186710834503,1.8351495265960693
248,1991,0.6358526349067688,,0.9344889521598816,,,
249,1999,,0.6408222913742065,,0.9291164875030518,,
249,1999,,,,,0.3301389813423157,1.8641489744186401
249,1999,0.6243694424629211,,0.9209153652191162,,,
250,2007,,,,,0.3344004452228546,1.8317867517471313
250,2007,0.6009113788604736,,0.9589661955833435,,,
251,2015,,,,,0.33408835530281067,1.8613405227661133
251,2015,0.6374658346176147,,0.9150121808052063,,,
252,2023,,,,,0.32027631998062134,1.8537521362304688
252,2023,0.6301106214523315,,0.9265621900558472,,,
253,2031,,,,,0.3330345153808594,1.8924049139022827
253,2031,0.6281018257141113,,0.9014699459075928,,,
254,2039,,,,,0.3306032419204712,1.8670192956924438
254,2039,0.6450473070144653,,0.8962911367416382,,,
255,2047,,,,,0.33557718992233276,1.8869003057479858
255,2047,0.6334185600280762,,0.9083671569824219,,,
256,2049,,0.6896579265594482,,0.8692531585693359,,
256,2055,,,,,0.3283541798591614,1.910853385925293
256,2055,0.6405850052833557,,0.8901849985122681,,,
257,2063,,,,,0.3318253755569458,1.9014301300048828
257,2063,0.650180995464325,,0.888725221157074,,,
258,2071,,,,,0.33002138137817383,1.909780502319336
258,2071,0.6593851447105408,,0.8735980987548828,,,
259,2079,,,,,0.33076730370521545,1.917382001876831
259,2079,0.653367280960083,,0.8634982109069824,,,
260,2087,,,,,0.3323930501937866,1.9376393556594849
260,2087,0.6482977867126465,,0.8514273166656494,,,
261,2095,,,,,0.3369503319263458,1.9433858394622803
261,2095,0.6384969353675842,,0.8726257681846619,,,
262,2099,,0.681496262550354,,0.7898172736167908,,
262,2103,,,,,0.33792585134506226,1.9676254987716675
262,2103,0.6497043967247009,,0.8660231232643127,,,
263,2111,,,,,0.3304343819618225,1.9761102199554443
263,2111,0.6530923843383789,,0.8486736416816711,,,
264,2119,,,,,0.33800509572029114,1.9763524532318115
264,2119,0.6687328219413757,,0.8400678634643555,,,
265,2127,,,,,0.32843032479286194,1.9927423000335693
265,2127,0.6696258187294006,,0.8468997478485107,,,
266,2135,,,,,0.3296148478984833,2.0170788764953613
266,2135,0.6849614381790161,,0.8050746917724609,,,
267,2143,,,,,0.3301032781600952,1.9942429065704346
267,2143,0.6496090888977051,,0.8349374532699585,,,
268,2149,,0.6421089172363281,,0.885565996170044,,
268,2151,,,,,0.33070430159568787,1.9982584714889526
268,2151,0.6721284985542297,,0.8361974358558655,,,
269,2159,,,,,0.3313862979412079,2.016613006591797
269,2159,0.657390832901001,,0.8412322402000427,,,
270,2167,,,,,0.3327579200267792,1.9949039220809937
270,2167,0.6610565781593323,,0.8433545231819153,,,
271,2175,,,,,0.327350378036499,2.0142476558685303
271,2175,0.673091471195221,,0.8052226901054382,,,
272,2183,,,,,0.3277551829814911,2.035588502883911
272,2183,0.6821781396865845,,0.8084805607795715,,,
273,2191,,,,,0.32749414443969727,2.0452444553375244
273,2191,0.6834692358970642,,0.801868736743927,,,
274,2199,,0.7102572321891785,,0.7612816095352173,,
274,2199,,,,,0.3355388641357422,2.0407063961029053
274,2199,0.6828751564025879,,0.7909395098686218,,,
275,2207,,,,,0.3419851064682007,2.042607545852661
275,2207,0.6713109016418457,,0.798316240310669,,,
276,2215,,,,,0.3364139199256897,2.057830810546875
276,2215,0.6696051359176636,,0.8017562031745911,,,
277,2223,,,,,0.3352365493774414,2.076590061187744
277,2223,0.6994829773902893,,0.7708841562271118,,,
278,2231,,,,,0.3344396650791168,2.0717525482177734
278,2231,0.6834849119186401,,0.7747098207473755,,,
279,2239,,,,,0.32977381348609924,2.1107981204986572
279,2239,0.6994162201881409,,0.7472474575042725,,,
280,2247,,,,,0.3342500925064087,2.129617214202881
280,2247,0.7015765309333801,,0.7616629600524902,,,
281,2249,,0.6807104349136353,,0.7372540235519409,,
281,2255,,,,,0.3327631950378418,2.11527419090271
281,2255,0.6935225129127502,,0.7444975972175598,,,
282,2263,,,,,0.33148181438446045,2.121931791305542
282,2263,0.6835656762123108,,0.7587772607803345,,,
283,2271,,,,,0.3345438539981842,2.184715747833252
283,2271,0.715012788772583,,0.7525110840797424,,,
284,2279,,,,,0.34079545736312866,2.1815974712371826
284,2279,0.7034565806388855,,0.7280139923095703,,,
285,2287,,,,,0.3363879919052124,2.1538844108581543
285,2287,0.7020110487937927,,0.7264137864112854,,,
286,2295,,,,,0.3375897705554962,2.228188991546631
286,2295,0.7172868251800537,,0.6958967447280884,,,
287,2299,,0.6922482252120972,,0.7001170516014099,,
287,2303,,,,,0.336694598197937,2.1968908309936523
287,2303,0.7319844365119934,,0.6963323950767517,,,
288,2311,,,,,0.33830589056015015,2.2136034965515137
288,2311,0.7101535201072693,,0.7288641929626465,,,
289,2319,,,,,0.3472321629524231,2.2224626541137695
289,2319,0.7353842854499817,,0.6926568746566772,,,
290,2327,,,,,0.3335762917995453,2.234661817550659
290,2327,0.7311999797821045,,0.690252423286438,,,
291,2335,,,,,0.33574265241622925,2.2550134658813477
291,2335,0.7287692427635193,,0.6785975694656372,,,
292,2343,,,,,0.3350297212600708,2.2654545307159424
292,2343,0.7341655492782593,,0.6761193871498108,,,
293,2349,,0.7229705452919006,,0.6739373803138733,,
293,2351,,,,,0.34337618947029114,2.262918710708618
293,2351,0.7444790601730347,,0.6419966816902161,,,
294,2359,,,,,0.33636873960494995,2.2838306427001953
294,2359,0.7379605770111084,,0.6678228378295898,,,
295,2367,,,,,0.33579057455062866,2.341831922531128
295,2367,0.729376494884491,,0.6642216444015503,,,
296,2375,,,,,0.3451997637748718,2.3566510677337646
296,2375,0.7430629134178162,,0.660149872303009,,,
297,2383,,,,,0.3370676636695862,2.345024347305298
297,2383,0.7427874803543091,,0.658609926700592,,,
298,2391,,,,,0.33851543068885803,2.3486783504486084
298,2391,0.742436408996582,,0.6654297113418579,,,
299,2399,,0.7347970008850098,,0.6385520696640015,,
299,2399,,,,,0.3371329605579376,2.31306791305542
299,2399,0.7329349517822266,,0.6497676372528076,,,
300,2407,,,,,0.330363929271698,2.378896474838257
300,2407,0.7117322087287903,,0.6805700063705444,,,
301,2415,,,,,0.3446803092956543,2.387260675430298
301,2415,0.7484496235847473,,0.654671847820282,,,
302,2423,,,,,0.32921120524406433,2.4767868518829346
302,2423,0.755620002746582,,0.6163144111633301,,,
303,2431,,,,,0.32418009638786316,2.4641525745391846
303,2431,0.7616851329803467,,0.6045284271240234,,,
304,2439,,,,,0.3312413990497589,2.4464163780212402
304,2439,0.7575761079788208,,0.6209298968315125,,,
305,2447,,,,,0.33791446685791016,2.461916208267212
305,2447,0.7772316336631775,,0.5860059857368469,,,
306,2449,,0.8096423149108887,,0.5638776421546936,,
306,2455,,,,,0.33377665281295776,2.49470853805542
306,2455,0.7696058750152588,,0.619182288646698,,,
307,2463,,,,,0.33785852789878845,2.4598171710968018
307,2463,0.7722066640853882,,0.5953459739685059,,,
308,2471,,,,,0.33921754360198975,2.4986047744750977
308,2471,0.7654932737350464,,0.588705837726593,,,
309,2479,,,,,0.3421993553638458,2.4987010955810547
309,2479,0.7576184868812561,,0.597101628780365,,,
310,2487,,,,,0.3387939929962158,2.478482723236084
310,2487,0.792949378490448,,0.5608438849449158,,,
311,2495,,,,,0.3392794728279114,2.540760040283203
311,2495,0.7636263370513916,,0.5881492495536804,,,
312,2499,,0.7759766578674316,,0.5897947549819946,,
312,2503,,,,,0.34648799896240234,2.5432722568511963
312,2503,0.7625722885131836,,0.5818281769752502,,,
313,2511,,,,,0.34370455145835876,2.5776069164276123
313,2511,0.7620953917503357,,0.5826850533485413,,,
314,2519,,,,,0.3269345760345459,2.6056180000305176
314,2519,0.7940384745597839,,0.5446707606315613,,,
315,2527,,,,,0.3375459313392639,2.5813913345336914
315,2527,0.7898498773574829,,0.5369619131088257,,,
316,2535,,,,,0.3242467939853668,2.6391615867614746
316,2535,0.7763895392417908,,0.5579506158828735,,,
317,2543,,,,,0.32824254035949707,2.6255404949188232
317,2543,0.7897454500198364,,0.5228854417800903,,,
318,2549,,0.7594577670097351,,0.6686344146728516,,
318,2551,,,,,0.3240134119987488,2.6697938442230225
318,2551,0.8011999726295471,,0.5314233899116516,,,
319,2559,,,,,0.33962133526802063,2.6122069358825684
319,2559,0.7909284234046936,,0.5359842777252197,,,
320,2567,,,,,0.3380652666091919,2.672124147415161
320,2567,0.7956647276878357,,0.5229957103729248,,,
321,2575,,,,,0.32518574595451355,2.7182962894439697
321,2575,0.794402539730072,,0.5302774310112,,,
322,2583,,,,,0.32785993814468384,2.678670644760132
322,2583,0.7993055582046509,,0.5129583477973938,,,
323,2591,,,,,0.33517885208129883,2.7168428897857666
323,2591,0.8003422617912292,,0.5170016288757324,,,
324,2599,,0.8190991282463074,,0.49802666902542114,,
324,2599,,,,,0.3360990881919861,2.722456693649292
324,2599,0.8116805553436279,,0.4864862561225891,,,
325,2607,,,,,0.33738747239112854,2.7301995754241943
325,2607,0.7934322953224182,,0.5176319479942322,,,
326,2615,,,,,0.33404967188835144,2.7678282260894775
326,2615,0.7897235751152039,,0.5327430963516235,,,
327,2623,,,,,0.3341630697250366,2.782092332839966
327,2623,0.7986827492713928,,0.5241896510124207,,,
328,2631,,,,,0.33937862515449524,2.765037775039673
328,2631,0.8122100830078125,,0.4938237965106964,,,
329,2639,,,,,0.3315564692020416,2.8240067958831787
329,2639,0.8200834393501282,,0.44311994314193726,,,
330,2647,,,,,0.332991361618042,2.8584296703338623
330,2647,0.8207809329032898,,0.4638371765613556,,,
331,2649,,0.7968301177024841,,0.47343364357948303,,
331,2655,,,,,0.3284808099269867,2.879869222640991
331,2655,0.8146389722824097,,0.45684221386909485,,,
332,2663,,,,,0.3489120602607727,2.794294834136963
332,2663,0.836309552192688,,0.4301392734050751,,,
333,2671,,,,,0.34514451026916504,2.8069193363189697
333,2671,0.8334437608718872,,0.4458845257759094,,,
334,2679,,,,,0.34384986758232117,2.9120235443115234
334,2679,0.8250253796577454,,0.44121959805488586,,,
335,2687,,,,,0.32021191716194153,2.937040090560913
335,2687,0.8378962874412537,,0.41576558351516724,,,
336,2695,,,,,0.3317863941192627,2.966362476348877
336,2695,0.8471714854240417,,0.41172370314598083,,,
337,2699,,0.8232853412628174,,0.40639883279800415,,
337,2703,,,,,0.3245837092399597,2.9607791900634766
337,2703,0.8313608169555664,,0.4213944673538208,,,
338,2711,,,,,0.3236936330795288,3.0117573738098145
338,2711,0.8437442779541016,,0.42245396971702576,,,
339,2719,,,,,0.32303354144096375,3.026869297027588
339,2719,0.852421224117279,,0.41628000140190125,,,
340,2727,,,,,0.3368315100669861,3.0242421627044678
340,2727,0.829039990901947,,0.43802276253700256,,,
341,2735,,,,,0.32972291111946106,2.9948315620422363
341,2735,0.8333688974380493,,0.4186432957649231,,,
342,2743,,,,,0.325822114944458,3.0017385482788086
342,2743,0.852431058883667,,0.39626169204711914,,,
343,2749,,0.8245117664337158,,0.42670395970344543,,
343,2751,,,,,0.31908780336380005,3.0407745838165283
343,2751,0.8456774353981018,,0.4199489951133728,,,
344,2759,,,,,0.31534305214881897,3.0304064750671387
344,2759,0.8473117351531982,,0.39363884925842285,,,
345,2767,,,,,0.31370973587036133,3.05853533744812
345,2767,0.8478798270225525,,0.40374061465263367,,,
346,2775,,,,,0.32158833742141724,3.070422410964966
346,2775,0.8556721806526184,,0.3787298798561096,,,
347,2783,,,,,0.32932454347610474,3.0808000564575195
347,2783,0.8479759693145752,,0.3880973160266876,,,
348,2791,,,,,0.3296492099761963,3.1668431758880615
348,2791,0.8534243702888489,,0.38968414068222046,,,
349,2799,,0.8778745532035828,,0.33899426460266113,,
349,2799,,,,,0.3168301284313202,3.1796796321868896
349,2799,0.8668678998947144,,0.3920530378818512,,,
350,2807,,,,,0.333734929561615,3.126528024673462
350,2807,0.8549691438674927,,0.37127649784088135,,,
351,2815,,,,,0.3247811496257782,3.150444984436035
351,2815,0.8778277039527893,,0.34933093190193176,,,
352,2823,,,,,0.3182413876056671,3.1895205974578857
352,2823,0.8584490418434143,,0.37412214279174805,,,
353,2831,,,,,0.33842185139656067,3.1356801986694336
353,2831,0.8731040954589844,,0.3465743064880371,,,
354,2839,,,,,0.3343811333179474,3.2155263423919678
354,2839,0.8744337558746338,,0.33231955766677856,,,
355,2847,,,,,0.31464827060699463,3.303713321685791
355,2847,0.8605396747589111,,0.36810240149497986,,,
356,2849,,0.8396626710891724,,0.38869041204452515,,
356,2855,,,,,0.31881123781204224,3.339266300201416
356,2855,0.867688000202179,,0.35853299498558044,,,
357,2863,,,,,0.32920828461647034,3.324415683746338
357,2863,0.8637363910675049,,0.34564363956451416,,,
358,2871,,,,,0.33080023527145386,3.3105578422546387
358,2871,0.858397901058197,,0.36063408851623535,,,
359,2879,,,,,0.31613898277282715,3.3296728134155273
359,2879,0.8591064214706421,,0.3377315402030945,,,
360,2887,,,,,0.3166799247264862,3.4233200550079346
360,2887,0.8739447593688965,,0.343406617641449,,,
361,2895,,,,,0.3231312930583954,3.422646999359131
361,2895,0.8746309280395508,,0.34348759055137634,,,
362,2899,,0.8610422015190125,,0.35294538736343384,,
362,2903,,,,,0.3149486482143402,3.4256298542022705
362,2903,0.8791797757148743,,0.3337600827217102,,,
363,2911,,,,,0.3265938460826874,3.345111131668091
363,2911,0.8649411797523499,,0.3284217417240143,,,
364,2919,,,,,0.3127078413963318,3.4020233154296875
364,2919,0.8744451999664307,,0.32664787769317627,,,
365,2927,,,,,0.31770822405815125,3.386404037475586
365,2927,0.8770712614059448,,0.32888156175613403,,,
366,2935,,,,,0.31389570236206055,3.504885196685791
366,2935,0.8796586394309998,,0.313142329454422,,,
367,2943,,,,,0.3054013252258301,3.4782848358154297
367,2943,0.8814874291419983,,0.3235006034374237,,,
368,2949,,0.8929092884063721,,0.44966036081314087,,
368,2951,,,,,0.3149568438529968,3.5308356285095215
368,2951,0.8871198296546936,,0.34024709463119507,,,
369,2959,,,,,0.32424628734588623,3.4226670265197754
369,2959,0.8791122436523438,,0.3580113351345062,,,
370,2967,,,,,0.3170170187950134,3.398503541946411
370,2967,0.8710087537765503,,0.3703526258468628,,,
371,2975,,,,,0.3178388178348541,3.5378124713897705
371,2975,0.8842245936393738,,0.32617586851119995,,,
372,2983,,,,,0.32034575939178467,3.4172468185424805
372,2983,0.8865746855735779,,0.32833269238471985,,,
373,2991,,,,,0.3170357048511505,3.533339023590088
373,2991,0.8943516612052917,,0.3092804253101349,,,
374,2999,,0.9132546186447144,,0.2704964280128479,,
374,2999,,,,,0.3110123574733734,3.5540757179260254
374,2999,0.8911575675010681,,0.29478317499160767,,,
375,3007,,,,,0.3118860423564911,3.5568838119506836
375,3007,0.8878617286682129,,0.2952197790145874,,,
376,3015,,,,,0.32876431941986084,3.4999547004699707
376,3015,0.9036111831665039,,0.2735452353954315,,,
377,3023,,,,,0.30334168672561646,3.604538917541504
377,3023,0.8852864503860474,,0.3139282763004303,,,
378,3031,,,,,0.31213149428367615,3.5991740226745605
378,3031,0.8966903686523438,,0.2853858768939972,,,
379,3039,,,,,0.32734447717666626,3.5683071613311768
379,3039,0.8964627385139465,,0.29278066754341125,,,
380,3047,,,,,0.3207511603832245,3.4941775798797607
380,3047,0.8870991468429565,,0.3074414134025574,,,
381,3049,,0.8828763365745544,,0.2874351143836975,,
381,3055,,,,,0.31383249163627625,3.4969143867492676
381,3055,0.9081689715385437,,0.2662241756916046,,,
382,3063,,,,,0.3129473030567169,3.695530414581299
382,3063,0.9072741866111755,,0.2606722116470337,,,
383,3071,,,,,0.3181562125682831,3.643280506134033
383,3071,0.9042624235153198,,0.269082635641098,,,
384,3079,,,,,0.30722731351852417,3.727013111114502
384,3079,0.8993808031082153,,0.2568809390068054,,,
385,3087,,,,,0.30393046140670776,3.706582546234131
385,3087,0.9122377634048462,,0.2552494704723358,,,
386,3095,,,,,0.32756516337394714,3.70849347114563
386,3095,0.9076266288757324,,0.2605181038379669,,,
387,3099,,0.8908823728561401,,0.26470404863357544,,
387,3103,,,,,0.3159213662147522,3.8832833766937256
387,3103,0.9053739905357361,,0.25909531116485596,,,
388,3111,,,,,0.31664806604385376,3.751678466796875
388,3111,0.925027072429657,,0.23177224397659302,,,
389,3119,,,,,0.3159659504890442,3.7857818603515625
389,3119,0.9303198456764221,,0.21903689205646515,,,
390,3127,,,,,0.31360557675361633,3.8036675453186035
390,3127,0.9158545136451721,,0.23868559300899506,,,
391,3135,,,,,0.32320696115493774,3.8466646671295166
391,3135,0.9244882464408875,,0.22712665796279907,,,
392,3143,,,,,0.3201785981655121,3.7583365440368652
392,3143,0.8980180621147156,,0.24908564984798431,,,
393,3149,,0.9137344360351562,,0.21699918806552887,,
393,3151,,,,,0.3175433576107025,3.814105272293091
393,3151,0.9141767621040344,,0.2335829734802246,,,
394,3159,,,,,0.3025006949901581,3.9257662296295166
394,3159,0.9210313558578491,,0.22926756739616394,,,
395,3167,,,,,0.31572622060775757,3.9821624755859375
395,3167,0.9110037088394165,,0.23808328807353973,,,
396,3175,,,,,0.3024599850177765,4.048712730407715
396,3175,0.9206503033638,,0.23551887273788452,,,
397,3183,,,,,0.314508318901062,3.9716148376464844
397,3183,0.9283105134963989,,0.22676049172878265,,,
398,3191,,,,,0.31078478693962097,4.026688098907471
398,3191,0.9145062565803528,,0.2563227415084839,,,
399,3199,,0.9221080541610718,,0.21527701616287231,,
399,3199,,,,,0.3096749186515808,4.006408214569092
399,3199,0.9290007948875427,,0.21067580580711365,,,
400,3207,,,,,0.30335867404937744,4.016029357910156
400,3207,0.9018844962120056,,0.26179322600364685,,,
401,3215,,,,,0.3165847659111023,3.9800076484680176
401,3215,0.9252089262008667,,0.2060377299785614,,,
402,3223,,,,,0.3025345504283905,4.050131320953369
402,3223,0.9336842894554138,,0.20525388419628143,,,
403,3231,,,,,0.32136744260787964,3.9937849044799805
403,3231,0.9208100438117981,,0.21738594770431519,,,
404,3239,,,,,0.29954344034194946,4.124705791473389
404,3239,0.9317798614501953,,0.20680081844329834,,,
405,3247,,,,,0.31985217332839966,4.107547760009766
405,3247,0.9096432328224182,,0.24615097045898438,,,
406,3249,,0.9126443862915039,,0.24565310776233673,,
406,3255,,,,,0.320503830909729,3.9528896808624268
406,3255,0.9260430932044983,,0.22605884075164795,,,
407,3263,,,,,0.3107820451259613,3.9935455322265625
407,3263,0.9210310578346252,,0.2347436249256134,,,
408,3271,,,,,0.31576475501060486,3.9057505130767822
408,3271,0.9242814779281616,,0.21857503056526184,,,
409,3279,,,,,0.3238654136657715,3.966526508331299
409,3279,0.9242687821388245,,0.19039326906204224,,,
410,3287,,,,,0.32078227400779724,4.030760765075684
410,3287,0.9167730808258057,,0.22713318467140198,,,
411,3295,,,,,0.3278646171092987,4.090906620025635
411,3295,0.9378621578216553,,0.18141335248947144,,,
412,3299,,0.942566990852356,,0.30293044447898865,,
412,3303,,,,,0.3277602195739746,4.068089962005615
412,3303,0.9238620400428772,,0.213579460978508,,,
413,3311,,,,,0.3114258050918579,4.131218433380127
413,3311,0.9278151392936707,,0.19399963319301605,,,
414,3319,,,,,0.3151300549507141,3.9614410400390625
414,3319,0.9351969361305237,,0.18100056052207947,,,
415,3327,,,,,0.3321639597415924,3.9693105220794678
415,3327,0.9295065999031067,,0.210626021027565,,,
416,3335,,,,,0.32354000210762024,3.9309067726135254
416,3335,0.9386778473854065,,0.18708673119544983,,,
417,3343,,,,,0.3294427692890167,4.0290422439575195
417,3343,0.9432162642478943,,0.16494588553905487,,,
418,3349,,0.9722068309783936,,0.1612371951341629,,
418,3351,,,,,0.30949246883392334,4.155940055847168
418,3351,0.9488252401351929,,0.1628681719303131,,,
419,3359,,,,,0.3143690824508667,4.064972400665283
419,3359,0.9384630918502808,,0.1654948890209198,,,
420,3367,,,,,0.3283122777938843,4.14826774597168
420,3367,0.9456624984741211,,0.16522492468357086,,,
421,3375,,,,,0.3214184045791626,4.135963439941406
421,3375,0.9460144639015198,,0.1629023253917694,,,
422,3383,,,,,0.3231220245361328,4.148488998413086
422,3383,0.9509204626083374,,0.14986857771873474,,,
423,3391,,,,,0.3188878297805786,4.128995895385742
423,3391,0.939287543296814,,0.17411445081233978,,,
424,3399,,0.9063810706138611,,0.2687314748764038,,
424,3399,,,,,0.31307947635650635,4.17935037612915
424,3399,0.9302699565887451,,0.19932672381401062,,,
425,3407,,,,,0.32192933559417725,4.144062519073486
425,3407,0.9368364214897156,,0.17543843388557434,,,
426,3415,,,,,0.3094446063041687,4.302505970001221
426,3415,0.938970685005188,,0.17038056254386902,,,
427,3423,,,,,0.307521790266037,4.268819808959961
427,3423,0.9450122714042664,,0.17279069125652313,,,
428,3431,,,,,0.308560311794281,4.2921366691589355
428,3431,0.9537747502326965,,0.13940246403217316,,,
429,3439,,,,,0.3250921070575714,4.281558036804199
429,3439,0.9572182893753052,,0.13997550308704376,,,
430,3447,,,,,0.3102394938468933,4.361155033111572
430,3447,0.9488233923912048,,0.14079831540584564,,,
431,3449,,0.9485741853713989,,0.13927489519119263,,
431,3455,,,,,0.3133602738380432,4.460230350494385
431,3455,0.9418494701385498,,0.16720807552337646,,,
432,3463,,,,,0.3053622543811798,4.387011528015137
432,3463,0.9608173966407776,,0.12105993181467056,,,
433,3471,,,,,0.326246440410614,4.416947364807129
433,3471,0.9490936398506165,,0.13353866338729858,,,
434,3479,,,,,0.328660786151886,4.342333793640137
434,3479,0.9435469508171082,,0.15405328571796417,,,
435,3487,,,,,0.32991617918014526,4.420403003692627
435,3487,0.9613871574401855,,0.1264558881521225,,,
436,3495,,,,,0.33068305253982544,4.48546028137207
436,3495,0.962090253829956,,0.12187286466360092,,,
437,3499,,0.9530555009841919,,0.19360050559043884,,
437,3503,,,,,0.29437437653541565,4.534180164337158
437,3503,0.9502210021018982,,0.14152731001377106,,,
438,3511,,,,,0.2877883017063141,4.545249938964844
438,3511,0.9417665600776672,,0.19319787621498108,,,
439,3519,,,,,0.3129003345966339,4.504691123962402
439,3519,0.9291344881057739,,0.17494459450244904,,,
440,3527,,,,,0.32357969880104065,4.480009078979492
440,3527,0.9455146193504333,,0.1513533890247345,,,
441,3535,,,,,0.31169044971466064,4.504584312438965
441,3535,0.9477819800376892,,0.16676996648311615,,,
442,3543,,,,,0.32418519258499146,4.421328544616699
442,3543,0.9550479054450989,,0.1380404829978943,,,
443,3549,,0.9381358027458191,,0.192343607544899,,
443,3551,,,,,0.31362780928611755,4.59383487701416
443,3551,0.9546597599983215,,0.15078085660934448,,,
444,3559,,,,,0.31587356328964233,4.53322696685791
444,3559,0.9475958347320557,,0.16114649176597595,,,
445,3567,,,,,0.32487279176712036,4.4684157371521
445,3567,0.956841230392456,,0.13772596418857574,,,
446,3575,,,,,0.3160766363143921,4.501700401306152
446,3575,0.9640533328056335,,0.11262759566307068,,,
447,3583,,,,,0.30714988708496094,4.624524116516113
447,3583,0.9540237784385681,,0.14263612031936646,,,
448,3591,,,,,0.32412534952163696,4.536926746368408
448,3591,0.9504212737083435,,0.14197635650634766,,,
449,3599,,0.9653802514076233,,0.11610007286071777,,
449,3599,,,,,0.31289908289909363,4.605077266693115
449,3599,0.9662034511566162,,0.12086279690265656,,,
450,3607,,,,,0.2956833839416504,4.764906406402588
450,3607,0.9593536257743835,,0.12266717106103897,,,
451,3615,,,,,0.3060387074947357,4.759973526000977
451,3615,0.9486924409866333,,0.1547163873910904,,,
452,3623,,,,,0.32699480652809143,4.700723171234131
452,3623,0.9548556804656982,,0.1384880244731903,,,
453,3631,,,,,0.31519216299057007,4.762867450714111
453,3631,0.9559145569801331,,0.13208168745040894,,,
454,3639,,,,,0.32007917761802673,4.641582012176514
454,3639,0.9505610466003418,,0.1454065591096878,,,
455,3647,,,,,0.31922125816345215,4.535303592681885
455,3647,0.9554704427719116,,0.13936863839626312,,,
456,3649,,0.9682136178016663,,0.25256797671318054,,
456,3655,,,,,0.30579066276550293,4.475420951843262
456,3655,0.9433956146240234,,0.21205168962478638,,,
457,3663,,,,,0.3088521957397461,4.548218250274658
457,3663,0.9495567083358765,,0.13495111465454102,,,
458,3671,,,,,0.30788978934288025,4.692929744720459
458,3671,0.9453325867652893,,0.1674317866563797,,,
459,3679,,,,,0.2983053922653198,4.724075794219971
459,3679,0.9562528133392334,,0.1367492824792862,,,
460,3687,,,,,0.320348858833313,4.551050662994385
460,3687,0.9416620135307312,,0.15734322369098663,,,
461,3695,,,,,0.31083330512046814,4.56836462020874
461,3695,0.9497594237327576,,0.15633603930473328,,,
462,3699,,0.9702317714691162,,0.10305391997098923,,
462,3703,,,,,0.3108036518096924,4.530441761016846
462,3703,0.9495546221733093,,0.14795979857444763,,,
463,3711,,,,,0.31934022903442383,4.538365840911865
463,3711,0.9554979801177979,,0.13751177489757538,,,
464,3719,,,,,0.30155372619628906,4.766315937042236
464,3719,0.9426053166389465,,0.15775707364082336,,,
465,3727,,,,,0.30964356660842896,4.740149021148682
465,3727,0.9614453911781311,,0.12157071381807327,,,
466,3735,,,,,0.3166902959346771,4.656131267547607
466,3735,0.9627068042755127,,0.13081082701683044,,,
467,3743,,,,,0.31584489345550537,4.701907634735107
467,3743,0.9588137269020081,,0.12550382316112518,,,
468,3749,,0.9608988761901855,,0.12933142483234406,,
468,3751,,,,,0.32737964391708374,4.6696457862854
468,3751,0.9633510708808899,,0.10257001966238022,,,
469,3759,,,,,0.31242635846138,4.579395294189453
469,3759,0.9574211835861206,,0.13479618728160858,,,
470,3767,,,,,0.3192548155784607,4.765854358673096
470,3767,0.9596675038337708,,0.11634323745965958,,,
471,3775,,,,,0.31335610151290894,4.795012950897217
471,3775,0.9639774560928345,,0.124771848320961,,,
472,3783,,,,,0.30666810274124146,4.705618858337402
472,3783,0.972509503364563,,0.09502788633108139,,,
473,3791,,,,,0.33059877157211304,4.643887996673584
473,3791,0.9654974937438965,,0.11399641633033752,,,
474,3799,,0.9469281435012817,,0.12611836194992065,,
474,3799,,,,,0.3128824830055237,4.693639278411865
474,3799,0.9684188365936279,,0.11689189076423645,,,
475,3807,,,,,0.3107367157936096,5.02358865737915
475,3807,0.9639945030212402,,0.11132751405239105,,,
476,3815,,,,,0.3077528178691864,4.780708312988281
476,3815,0.9656062722206116,,0.10719726979732513,,,
477,3823,,,,,0.3207058608531952,4.784824848175049
477,3823,0.9647864699363708,,0.11788934469223022,,,
478,3831,,,,,0.2888598144054413,5.15960693359375
478,3831,0.9691115617752075,,0.098630890250206,,,
479,3839,,,,,0.29832664132118225,5.0557990074157715
479,3839,0.965864360332489,,0.11296255886554718,,,
480,3847,,,,,0.3198286294937134,4.993237495422363
480,3847,0.9613956809043884,,0.12234625965356827,,,
481,3849,,0.982353687286377,,0.09393288940191269,,
481,3855,,,,,0.3007672131061554,5.055628776550293
481,3855,0.9748685956001282,,0.08298246562480927,,,
482,3863,,,,,0.3140507936477661,4.941896438598633
482,3863,0.960447371006012,,0.11693722754716873,,,
483,3871,,,,,0.31695646047592163,4.994218826293945
483,3871,0.9573438167572021,,0.12361881136894226,,,
484,3879,,,,,0.310402512550354,4.927408218383789
484,3879,0.9674475789070129,,0.0920168086886406,,,
485,3887,,,,,0.31855854392051697,4.986813545227051
485,3887,0.9712696075439453,,0.09364800900220871,,,
486,3895,,,,,0.31669890880584717,4.975510120391846
486,3895,0.9769088625907898,,0.09646700322628021,,,
487,3899,,0.9822516441345215,,0.08767947554588318,,
487,3903,,,,,0.31363728642463684,4.994565963745117
487,3903,0.9765282869338989,,0.08530814200639725,,,
488,3911,,,,,0.31261956691741943,5.027106285095215
488,3911,0.9716711640357971,,0.0813666582107544,,,
489,3919,,,,,0.31618988513946533,5.200008869171143
489,3919,0.9727180600166321,,0.0856064110994339,,,
490,3927,,,,,0.3101882040500641,5.081589221954346
490,3927,0.9703795313835144,,0.08724153786897659,,,
491,3935,,,,,0.3277912139892578,5.056659698486328
491,3935,0.9736558198928833,,0.08263783901929855,,,
492,3943,,,,,0.3149295449256897,5.261575222015381
492,3943,0.9629469513893127,,0.10026995837688446,,,
493,3949,,0.9708248972892761,,0.0922699123620987,,
493,3951,,,,,0.3074248433113098,5.0822906494140625
493,3951,0.9675099849700928,,0.1221562922000885,,,
494,3959,,,,,0.3043215274810791,5.020285129547119
494,3959,0.9710794687271118,,0.08214713633060455,,,
495,3967,,,,,0.30427297949790955,5.199134349822998
495,3967,0.9743329882621765,,0.07643906027078629,,,
496,3975,,,,,0.30964285135269165,5.196556568145752
496,3975,0.9793031215667725,,0.0708547830581665,,,
497,3983,,,,,0.2963399887084961,5.217635154724121
497,3983,0.9696431159973145,,0.07896091043949127,,,
498,3991,,,,,0.3062018156051636,5.2039313316345215
498,3991,0.9768009781837463,,0.06749486178159714,,,
499,3999,,0.9940220713615417,,0.036503955721855164,,
499,3999,,,,,0.2990487813949585,5.266347408294678
499,3999,0.974185585975647,,0.07667031139135361,,,
500,4007,,,,,0.30665692687034607,5.193471908569336
500,4007,0.9641174674034119,,0.13831590116024017,,,
501,4015,,,,,0.30589669942855835,5.263874053955078
501,4015,0.9676268696784973,,0.09769543260335922,,,
502,4023,,,,,0.2960502803325653,5.275591850280762
502,4023,0.973038911819458,,0.0748959481716156,,,
503,4031,,,,,0.30393585562705994,5.226692199707031
503,4031,0.9796633124351501,,0.08060867339372635,,,
504,4039,,,,,0.3165268898010254,5.140040874481201
504,4039,0.976854681968689,,0.0771699920296669,,,
505,4047,,,,,0.3040043115615845,5.317083358764648
505,4047,0.9794868230819702,,0.07382164895534515,,,
506,4049,,0.9754462838172913,,0.08606338500976562,,
506,4055,,,,,0.31753724813461304,5.247138023376465
506,4055,0.9733499884605408,,0.10253659635782242,,,
507,4063,,,,,0.31010347604751587,5.386695861816406
507,4063,0.9706518054008484,,0.08796839416027069,,,
508,4071,,,,,0.3098004162311554,5.413917064666748
508,4071,0.9811981916427612,,0.06329653412103653,,,
509,4079,,,,,0.30715692043304443,5.155951976776123
509,4079,0.9753335118293762,,0.07338080555200577,,,
510,4087,,,,,0.30102771520614624,5.429115295410156
510,4087,0.9826379418373108,,0.05815553292632103,,,
511,4095,,,,,0.3176446557044983,5.341058254241943
511,4095,0.9837498068809509,,0.07025595009326935,,,
512,4099,,0.9749821424484253,,0.0590519979596138,,
512,4103,,,,,0.31097379326820374,5.325196743011475
512,4103,0.9745266437530518,,0.07537811249494553,,,
513,4111,,,,,0.30214306712150574,5.387159824371338
513,4111,0.9792371988296509,,0.08413510769605637,,,
514,4119,,,,,0.31672728061676025,5.310380935668945
514,4119,0.9680520296096802,,0.09483552724123001,,,
515,4127,,,,,0.29113340377807617,5.415719032287598
515,4127,0.9703161716461182,,0.08727963268756866,,,
516,4135,,,,,0.31374529004096985,5.397205829620361
516,4135,0.9764097929000854,,0.08500394970178604,,,
517,4143,,,,,0.3139582872390747,5.3453216552734375
517,4143,0.9794431924819946,,0.07250165194272995,,,
518,4149,,0.981679379940033,,0.06954902410507202,,
518,4151,,,,,0.3116719126701355,5.357917785644531
518,4151,0.9783404469490051,,0.07596322149038315,,,
519,4159,,,,,0.30882835388183594,5.230522632598877
519,4159,0.969611406326294,,0.08495622128248215,,,
520,4167,,,,,0.3207278847694397,5.2754225730896
520,4167,0.9821122288703918,,0.06254511326551437,,,
521,4175,,,,,0.32076552510261536,5.207401752471924
521,4175,0.9855422377586365,,0.04851272702217102,,,
522,4183,,,,,0.30639272928237915,5.470411777496338
522,4183,0.9874027967453003,,0.05760950967669487,,,
523,4191,,,,,0.3103640675544739,5.406827449798584
523,4191,0.9858996272087097,,0.048459041863679886,,,
524,4199,,0.9574178457260132,,0.12086513638496399,,
524,4199,,,,,0.30728834867477417,5.410526275634766
524,4199,0.9793699383735657,,0.06635244190692902,,,
525,4207,,,,,0.3215280771255493,5.304311275482178
525,4207,0.9800037741661072,,0.06983370333909988,,,
526,4215,,,,,0.3196529150009155,5.411962509155273
526,4215,0.9732673764228821,,0.07895292341709137,,,
527,4223,,,,,0.31286561489105225,5.3671417236328125
527,4223,0.986669659614563,,0.057463064789772034,,,
528,4231,,,,,0.30505937337875366,5.695202827453613
528,4231,0.979974627494812,,0.06214042007923126,,,
529,4239,,,,,0.3096628189086914,5.5556840896606445
529,4239,0.9726251363754272,,0.09575065970420837,,,
530,4247,,,,,0.3088417053222656,5.557836532592773
530,4247,0.9736473560333252,,0.06811144202947617,,,
531,4249,,0.9801235198974609,,0.06896363198757172,,
531,4255,,,,,0.29329922795295715,5.6506476402282715
531,4255,0.9840055108070374,,0.06460373848676682,,,
532,4263,,,,,0.30354344844818115,5.667265892028809
532,4263,0.9797433614730835,,0.06399808824062347,,,
533,4271,,,,,0.3133806586265564,5.5471510887146
533,4271,0.9858358502388,,0.04555189236998558,,,
534,4279,,,,,0.30821430683135986,5.6822285652160645
534,4279,0.9804847240447998,,0.058610111474990845,,,
535,4287,,,,,0.31096792221069336,5.70159912109375
535,4287,0.9867838621139526,,0.04713710397481918,,,
536,4295,,,,,0.30674949288368225,5.6079511642456055
536,4295,0.9867852926254272,,0.04846706986427307,,,
537,4299,,0.9873892068862915,,0.03708776459097862,,
537,4303,,,,,0.3083268404006958,5.665229320526123
537,4303,0.9873409867286682,,0.043882422149181366,,,
538,4311,,,,,0.30649274587631226,5.479604244232178
538,4311,0.9880474805831909,,0.04756556823849678,,,
539,4319,,,,,0.30138614773750305,5.581718921661377
539,4319,0.9868072271347046,,0.053836528211832047,,,
540,4327,,,,,0.3006932735443115,5.533505916595459
540,4327,0.9829301834106445,,0.05755137652158737,,,
541,4335,,,,,0.31100040674209595,5.663957595825195
541,4335,0.9737675786018372,,0.07648234814405441,,,
542,4343,,,,,0.3021571934223175,5.647711277008057
542,4343,0.9833636283874512,,0.058043621480464935,,,
543,4349,,0.9941061735153198,,0.038902442902326584,,
543,4351,,,,,0.3107556402683258,5.689907550811768
543,4351,0.9812905192375183,,0.07105034589767456,,,
544,4359,,,,,0.2954005002975464,5.775946617126465
544,4359,0.9790632128715515,,0.08823768049478531,,,
545,4367,,,,,0.31804147362709045,5.45704460144043
545,4367,0.9751933813095093,,0.07428085058927536,,,
546,4375,,,,,0.3102526366710663,5.587377548217773
546,4375,0.9733594059944153,,0.07118554413318634,,,
547,4383,,,,,0.31276750564575195,5.557694911956787
547,4383,0.9803037643432617,,0.06011161580681801,,,
548,4391,,,,,0.3068568706512451,5.584614276885986
548,4391,0.9762851595878601,,0.0677294060587883,,,
549,4399,,0.9773739576339722,,0.08204939216375351,,
549,4399,,,,,0.2881391644477844,5.691338539123535
549,4399,0.984244704246521,,0.09944642335176468,,,
550,4407,,,,,0.29968518018722534,5.646877288818359
550,4407,0.9801590442657471,,0.05960911884903908,,,
551,4415,,,,,0.3048010468482971,5.657164573669434
551,4415,0.9837349057197571,,0.046267859637737274,,,
552,4423,,,,,0.3225206434726715,5.594744682312012
552,4423,0.9767419099807739,,0.08762921392917633,,,
553,4431,,,,,0.3153461813926697,5.507112503051758
553,4431,0.9843305349349976,,0.057154107838869095,,,
554,4439,,,,,0.3003717362880707,5.8329949378967285
554,4439,0.9782427549362183,,0.06775806099176407,,,
555,4447,,,,,0.30245766043663025,5.860976696014404
555,4447,0.9767236709594727,,0.08574721217155457,,,
556,4449,,0.9810574054718018,,0.06336130946874619,,
556,4455,,,,,0.30347496271133423,5.626540184020996
556,4455,0.980484127998352,,0.05411989241838455,,,
557,4463,,,,,0.30705708265304565,5.8461689949035645
557,4463,0.9743919372558594,,0.07005782425403595,,,
558,4471,,,,,0.3159217834472656,5.699625492095947
558,4471,0.967430830001831,,0.11604984104633331,,,
559,4479,,,,,0.32270389795303345,5.709959030151367
559,4479,0.9822430610656738,,0.06907323747873306,,,
560,4487,,,,,0.3170401453971863,5.616727352142334
560,4487,0.9898303747177124,,0.03800715133547783,,,
561,4495,,,,,0.3063185214996338,5.778329849243164
561,4495,0.9839341044425964,,0.054751526564359665,,,
562,4499,,0.9882103204727173,,0.03554112836718559,,
562,4503,,,,,0.3020862936973572,5.9266839027404785
562,4503,0.9834074378013611,,0.05407729372382164,,,
563,4511,,,,,0.30499252676963806,5.727593421936035
563,4511,0.9876906275749207,,0.0453273206949234,,,
564,4519,,,,,0.3103359341621399,5.75062894821167
564,4519,0.9911544322967529,,0.033470794558525085,,,
565,4527,,,,,0.3153687119483948,5.726186752319336
565,4527,0.9818839430809021,,0.06316492706537247,,,
566,4535,,,,,0.31407153606414795,5.699656009674072
566,4535,0.990251362323761,,0.04379674792289734,,,
567,4543,,,,,0.2985124886035919,5.815303325653076
567,4543,0.9882631897926331,,0.04220157116651535,,,
568,4549,,0.9871141314506531,,0.0359899066388607,,
568,4551,,,,,0.2835046648979187,5.866077899932861
568,4551,0.9834803938865662,,0.04484345018863678,,,
569,4559,,,,,0.30706149339675903,5.773263931274414
569,4559,0.9795271158218384,,0.06952808052301407,,,
570,4567,,,,,0.30693089962005615,5.789694786071777
570,4567,0.9807241559028625,,0.055783942341804504,,,
571,4575,,,,,0.31040632724761963,5.788853168487549
571,4575,0.991143524646759,,0.03954244777560234,,,
572,4583,,,,,0.3118947446346283,5.749597549438477
572,4583,0.9828231930732727,,0.06036516651511192,,,
573,4591,,,,,0.3211289644241333,5.841888427734375
573,4591,0.98081374168396,,0.06459381431341171,,,
574,4599,,0.9826251268386841,,0.07864035665988922,,
574,4599,,,,,0.3107020854949951,5.844356060028076
574,4599,0.9726975560188293,,0.09192531555891037,,,
575,4607,,,,,0.31354260444641113,5.733240604400635
575,4607,0.9772586226463318,,0.07937318086624146,,,
576,4615,,,,,0.29811006784439087,5.7495832443237305
576,4615,0.9836254119873047,,0.05789421871304512,,,
577,4623,,,,,0.30395299196243286,5.8679423332214355
577,4623,0.9866167902946472,,0.0482633113861084,,,
578,4631,,,,,0.29059338569641113,5.854660987854004
578,4631,0.9815073013305664,,0.06237795948982239,,,
579,4639,,,,,0.28341779112815857,5.980438232421875
579,4639,0.9888188242912292,,0.048866916447877884,,,
580,4647,,,,,0.3028835654258728,5.875070571899414
580,4647,0.9865351915359497,,0.05762439966201782,,,
581,4649,,0.9724147915840149,,0.13052484393119812,,
581,4655,,,,,0.29230621457099915,5.875072479248047
581,4655,0.980154812335968,,0.06797850877046585,,,
582,4663,,,,,0.3156481087207794,5.808188438415527
582,4663,0.9832485318183899,,0.04551741108298302,,,
583,4671,,,,,0.30246978998184204,5.895345687866211
583,4671,0.9856492280960083,,0.051029909402132034,,,
584,4679,,,,,0.32465097308158875,5.837554454803467
584,4679,0.9857083559036255,,0.05614529177546501,,,
585,4687,,,,,0.27599501609802246,6.329822540283203
585,4687,0.9844512939453125,,0.05333796888589859,,,
586,4695,,,,,0.31842899322509766,5.902760982513428
586,4695,0.9792258739471436,,0.05709923058748245,,,
587,4699,,0.9819681644439697,,0.042624581605196,,
587,4703,,,,,0.29749786853790283,6.099260330200195
587,4703,0.9691025614738464,,0.0755637064576149,,,
588,4711,,,,,0.3318377733230591,5.5853495597839355
588,4711,0.9713149666786194,,0.09269203990697861,,,
589,4719,,,,,0.2940988540649414,5.689459800720215
589,4719,0.9754549264907837,,0.08328891545534134,,,
590,4727,,,,,0.2960711121559143,5.780399799346924
590,4727,0.9802820682525635,,0.08688979595899582,,,
591,4735,,,,,0.3050571382045746,5.736597537994385
591,4735,0.978317141532898,,0.06541508436203003,,,
592,4743,,,,,0.3110610842704773,5.726273059844971
592,4743,0.9850518703460693,,0.053695593029260635,,,
593,4749,,1.0,,0.021432237699627876,,
593,4751,,,,,0.3217278718948364,5.595824241638184
593,4751,0.9940774440765381,,0.03228132054209709,,,
594,4759,,,,,0.3030097484588623,5.827290058135986
594,4759,0.9832078218460083,,0.04599212855100632,,,
595,4767,,,,,0.3129441738128662,5.720378398895264
595,4767,0.9905481934547424,,0.041719868779182434,,,
596,4775,,,,,0.30113551020622253,5.767743110656738
596,4775,0.9781612753868103,,0.06090111657977104,,,
597,4783,,,,,0.3090006113052368,5.867373943328857
597,4783,0.984602153301239,,0.05057857558131218,,,
598,4791,,,,,0.3202681541442871,5.818370342254639
598,4791,0.9873688220977783,,0.04208214581012726,,,
599,4799,,0.9934142827987671,,0.029498809948563576,,
599,4799,,,,,0.3064448833465576,5.922248363494873
599,4799,0.993991494178772,,0.025272341445088387,,,
600,4807,,,,,0.30110639333724976,5.936492919921875
600,4807,0.9886069893836975,,0.04199061542749405,,,
601,4815,,,,,0.29198339581489563,5.965810298919678
601,4815,0.9873166680335999,,0.04359225928783417,,,
602,4823,,,,,0.30126285552978516,5.9814581871032715
602,4823,0.9903128743171692,,0.031274519860744476,,,
603,4831,,,,,0.30687737464904785,6.013119220733643
603,4831,0.9891157150268555,,0.03632842376828194,,,
604,4839,,,,,0.30105671286582947,5.931892395019531
604,4839,0.9864915013313293,,0.05216852203011513,,,
605,4847,,,,,0.31752821803092957,5.849222183227539
605,4847,0.9955692291259766,,0.02777869999408722,,,
606,4849,,0.9827841520309448,,0.05193805694580078,,
606,4855,,,,,0.3237230181694031,5.856193542480469
606,4855,0.9908338785171509,,0.029296835884451866,,,
607,4863,,,,,0.31633949279785156,5.932331085205078
607,4863,0.9848483800888062,,0.04536473751068115,,,
608,4871,,,,,0.31113168597221375,6.0697712898254395
608,4871,0.9886163473129272,,0.04337509721517563,,,
609,4879,,,,,0.3132675290107727,5.9928059577941895
609,4879,0.9916547536849976,,0.03900344297289848,,,
610,4887,,,,,0.30575135350227356,5.980076789855957
610,4887,0.9886509776115417,,0.04435044899582863,,,
611,4895,,,,,0.3174566328525543,5.98201847076416
611,4895,0.993049144744873,,0.03358615189790726,,,
612,4899,,0.9942564368247986,,0.02615261636674404,,
612,4903,,,,,0.3097125291824341,6.0767035484313965
612,4903,0.9916567802429199,,0.045262500643730164,,,
613,4911,,,,,0.31430739164352417,6.024475574493408
613,4911,0.9956629276275635,,0.02253095433115959,,,
614,4919,,,,,0.30973291397094727,5.986529350280762
614,4919,0.9877349138259888,,0.0388653390109539,,,
615,4927,,,,,0.3170366883277893,6.073505401611328
615,4927,0.9902690052986145,,0.034101422876119614,,,
616,4935,,,,,0.31849104166030884,5.950253963470459
616,4935,0.9924026131629944,,0.030970385298132896,,,
617,4943,,,,,0.31393304467201233,6.02508020401001
617,4943,0.9948853254318237,,0.023722874000668526,,,
618,4949,,0.9822743535041809,,0.03883801028132439,,
618,4951,,,,,0.30141234397888184,5.830617427825928
618,4951,0.9897496104240417,,0.03834199905395508,,,
619,4959,,,,,0.31398963928222656,6.010806560516357
619,4959,0.9902065992355347,,0.037036798894405365,,,
620,4967,,,,,0.31447285413742065,5.9969258308410645
620,4967,0.9947109222412109,,0.024795200675725937,,,
621,4975,,,,,0.3086862564086914,6.21135950088501
621,4975,0.9885685443878174,,0.038726646453142166,,,
622,4983,,,,,0.3124042749404907,6.033591270446777
622,4983,0.9882447123527527,,0.046446580439805984,,,
623,4991,,,,,0.30986541509628296,6.034036636352539
623,4991,0.9877284169197083,,0.03601140156388283,,,
624,4999,,0.970535159111023,,0.07849886268377304,,
624,4999,,,,,0.3113572597503662,6.247188091278076
624,4999,0.9860548377037048,,0.04495423287153244,,,
625,5007,,,,,0.30829185247421265,6.235474109649658
625,5007,0.9901745319366455,,0.03788566589355469,,,
626,5015,,,,,0.3124021291732788,6.086732387542725
626,5015,0.9856529831886292,,0.04242873936891556,,,
627,5023,,,,,0.3155980110168457,5.969015121459961
627,5023,0.9917232394218445,,0.03156118839979172,,,
628,5031,,,,,0.28986167907714844,6.161654472351074
628,5031,0.9871673583984375,,0.036082055419683456,,,
629,5039,,,,,0.31082865595817566,5.957881450653076
629,5039,0.9870049953460693,,0.041255805641412735,,,
630,5047,,,,,0.3043605387210846,5.924076557159424
630,5047,0.9934511184692383,,0.024584371596574783,,,
631,5049,,1.0,,0.019144725054502487,,
631,5055,,,,,0.30442166328430176,6.1800761222839355
631,5055,0.9924033880233765,,0.028482798486948013,,,
632,5063,,,,,0.3033979535102844,6.152644634246826
632,5063,0.9964003562927246,,0.01857963390648365,,,
633,5071,,,,,0.30662381649017334,6.141561985015869
633,5071,0.9892439842224121,,0.038476746529340744,,,
634,5079,,,,,0.2982388734817505,6.315421104431152
634,5079,0.9935906529426575,,0.025590188801288605,,,
635,5087,,,,,0.3107168674468994,6.296182155609131
635,5087,0.9918875098228455,,0.02984117530286312,,,
636,5095,,,,,0.312406450510025,6.220440864562988
636,5095,0.9948885440826416,,0.022234883159399033,,,
637,5099,,0.9760861992835999,,0.07254771143198013,,
637,5103,,,,,0.3120441436767578,6.233307361602783
637,5103,0.9864514470100403,,0.041815806180238724,,,
638,5111,,,,,0.30459848046302795,6.237454414367676
638,5111,0.9935688972473145,,0.029051173478364944,,,
639,5119,,,,,0.3129151165485382,6.26073694229126
639,5119,0.9912420511245728,,0.02397845685482025,,,
640,5127,,,,,0.3048948049545288,6.297883987426758
640,5127,0.9956014156341553,,0.017048416659235954,,,
641,5135,,,,,0.29393839836120605,6.420284748077393
641,5135,0.9900644421577454,,0.03454585373401642,,,
642,5143,,,,,0.30800673365592957,6.398933410644531
642,5143,0.9876787066459656,,0.041254423558712006,,,
643,5149,,0.993546724319458,,0.020334597676992416,,
643,5151,,,,,0.2997590899467468,6.286463260650635
643,5151,0.9965012073516846,,0.029480209574103355,,,
644,5159,,,,,0.29316383600234985,6.385210990905762
644,5159,0.9919254779815674,,0.026544896885752678,,,
645,5167,,,,,0.3130955100059509,6.322723388671875
645,5167,0.9918583035469055,,0.042402300983667374,,,
646,5175,,,,,0.3054811358451843,6.345253944396973
646,5175,0.9953734278678894,,0.022548122331500053,,,
647,5183,,,,,0.3022163510322571,6.313838481903076
647,5183,0.9917097687721252,,0.026197262108325958,,,
648,5191,,,,,0.3012600839138031,6.285567760467529
648,5191,0.9925994873046875,,0.02772969752550125,,,
649,5199,,0.9877607822418213,,0.031168121844530106,,
649,5199,,,,,0.29829728603363037,6.313436985015869
649,5199,0.9923999905586243,,0.027117585763335228,,,
650,5207,,,,,0.29453903436660767,6.325030326843262
650,5207,0.9918398857116699,,0.026771223172545433,,,
651,5215,,,,,0.31256675720214844,6.216155529022217
651,5215,0.9896414279937744,,0.03539636358618736,,,
652,5223,,,,,0.3090709149837494,6.365320205688477
652,5223,0.9945077300071716,,0.019696354866027832,,,
653,5231,,,,,0.308771550655365,6.4799113273620605
653,5231,0.9894438982009888,,0.036111798137426376,,,
654,5239,,,,,0.3077411353588104,6.428882598876953
654,5239,0.9910407662391663,,0.026610516011714935,,,
655,5247,,,,,0.305094838142395,6.433199882507324
655,5247,0.991488516330719,,0.03355742618441582,,,
656,5249,,1.0,,0.005100260954350233,,
656,5255,,,,,0.31171661615371704,6.304623126983643
656,5255,0.9914700984954834,,0.02812247723340988,,,
657,5263,,,,,0.31332486867904663,6.268744945526123
657,5263,0.9930933713912964,,0.02573447674512863,,,
658,5271,,,,,0.31804102659225464,6.329564094543457
658,5271,0.9947238564491272,,0.018513482064008713,,,
659,5279,,,,,0.30911335349082947,6.307407855987549
659,5279,0.9930512309074402,,0.0269289780408144,,,
660,5287,,,,,0.3061138689517975,6.289934158325195
660,5287,0.9946084022521973,,0.029524510726332664,,,
661,5295,,,,,0.3002093434333801,6.363581657409668
661,5295,0.9914165139198303,,0.028553016483783722,,,
662,5299,,1.0,,0.007514483295381069,,
662,5303,,,,,0.31366533041000366,6.249707221984863
662,5303,0.9915135502815247,,0.02867737226188183,,,
663,5311,,,,,0.3176755905151367,6.363758563995361
663,5311,0.991295337677002,,0.044224634766578674,,,
664,5319,,,,,0.32927197217941284,6.202916622161865
664,5319,0.9900327324867249,,0.03550582751631737,,,
665,5327,,,,,0.31944388151168823,6.320653915405273
665,5327,0.9948509335517883,,0.026258105412125587,,,
666,5335,,,,,0.30717718601226807,6.3203816413879395
666,5335,0.9881055355072021,,0.04024886712431908,,,
667,5343,,,,,0.3142675757408142,6.378888130187988
667,5343,0.9917993545532227,,0.03138783201575279,,,
668,5349,,0.9940648078918457,,0.019080324098467827,,
668,5351,,,,,0.30514127016067505,6.271441459655762
668,5351,0.9902471303939819,,0.026662208139896393,,,
669,5359,,,,,0.3126789331436157,6.350687026977539
669,5359,0.990469753742218,,0.03386171907186508,,,
670,5367,,,,,0.3093145489692688,6.491360664367676
670,5367,0.9918356537818909,,0.03023260273039341,,,
671,5375,,,,,0.3032057583332062,6.479658126831055
671,5375,0.9853063225746155,,0.09873580187559128,,,
672,5383,,,,,0.3150086998939514,6.339021682739258
672,5383,0.9863828420639038,,0.04417889192700386,,,
673,5391,,,,,0.3107469379901886,6.3684797286987305
673,5391,0.9895694255828857,,0.03334193304181099,,,
674,5399,,0.9888888597488403,,0.02725587971508503,,
674,5399,,,,,0.30051228404045105,6.3330817222595215
674,5399,0.992884635925293,,0.025426814332604408,,,
675,5407,,,,,0.30118274688720703,6.352147102355957
675,5407,0.9951992034912109,,0.02483748085796833,,,
676,5415,,,,,0.2994953989982605,6.354108810424805
676,5415,0.9955361485481262,,0.025041386485099792,,,
677,5423,,,,,0.3086085319519043,6.391706466674805
677,5423,0.9936656951904297,,0.02316451258957386,,,
678,5431,,,,,0.3127174973487854,6.342545986175537
678,5431,0.9930580258369446,,0.02581019699573517,,,
679,5439,,,,,0.32323500514030457,6.409825325012207
679,5439,0.9878572225570679,,0.036423459649086,,,
